0	canary-313aa3e84ab5-0
1	canary-313aa3e84ab5-1
2	canary-313aa3e84ab5-2
3	canary-313aa3e84ab5-3
4	canary-313aa3e84ab5-4
5	canary-313aa3e84ab5-5
6	canary-313aa3e84ab5-6
7	canary-313aa3e84ab5-7
8	canary-313aa3e84ab5-8
9	canary-313aa3e84ab5-9
10	canary-313aa3e84ab5-10
11	canary-313aa3e84ab5-11
12	canary-313aa3e84ab5-12
13	canary-313aa3e84ab5-13
14	canary-313aa3e84ab5-14
15	canary-313aa3e84ab5-15
16	canary-313aa3e84ab5-16
17	canary-313aa3e84ab5-17
18	canary-313aa3e84ab5-18
19	canary-313aa3e84ab5-19
