t	iface	rx_bytes	tx_bytes
08:10:59.461	rmnet_ipa0	2944	5592
08:10:59.461	rmnet_data2	0	0
08:10:59.461	rmnet_data1	780	828
08:10:59.461	rmnet_data0	1771	3945
08:10:59.461	wlan0	49885	38961
08:11:00.508	rmnet_ipa0	2944	5731
08:11:00.508	rmnet_data2	0	0
08:11:00.508	rmnet_data1	780	828
08:11:00.508	rmnet_data0	1771	3945
08:11:00.508	wlan0	79337	61543
08:11:01.553	rmnet_ipa0	2944	5731
08:11:01.553	rmnet_data2	0	0
08:11:01.553	rmnet_data1	780	828
08:11:01.553	rmnet_data0	1771	3945
08:11:01.553	wlan0	96453	67210
