country	un_status	encryption_gpd	gpd_licensing	gpd_import_export	gpd_other	dla_code	dla_last_modified	transfer	transfer_note	life_exception_in_dla	storage_rule	storage_note	health_sensitive	health_note
Afghanistan	member	No information available	No known legislation or policies.	No known legislation or policies.	No known legislation or policies.			unknown	not covered by DLA Piper	unknown	unknown	not covered by DLA Piper	unknown	not covered by DLA Piper
Albania	member	Some restrictions	No known legislation or policies.	No known legislation or policies.	No known legislation or policies.	AL	28 January 2025	COND	adequacy or specific safeguards	yes	NONE_FOUND	DLA mentions no storage-location rule in any section	YES	confirmed by hand from the definition text
Algeria	member	Minimal restrictions	No known legislation or policies.	While there are no import or export controls relating specifically to encryption products, there is a general requirement in Article 41 of Law No. 2000-03 of 05 August 2000 laying down general rules relating to post and telecommunications requires all terminal equipment and radioelectric installatio	No known legislation or policies.	DZ	20 March 2026	AUTH	national authority's authorisation plus adequacy; Art 45 derogation to preserve the data subject's life	yes	NONE_FOUND	DLA mentions no storage-location rule in any section	YES	confirmed by hand from the definition text
Andorra	member	No information available	No known legislation or policies.	No known legislation or policies.	No known legislation or policies.			unknown	not covered by DLA Piper	unknown	unknown	not covered by DLA Piper	unknown	not covered by DLA Piper
Angola	member	Some restrictions	No known legislation or policies.	No known legislation or policies.	No known legislation or policies.	AO	30 December 2021	AUTH	prior notification to APD even for adequate countries; prior authorisation for others	no	NONE_FOUND	DLA mentions no storage-location rule in any section	YES	confirmed by hand from the definition text
Antigua and Barbuda	member	Some restrictions	No known legislation or policies.	No known legislation or policies.	Section 9(1) of the Electronic Crimes Act 2013 creates a criminal offence of “misuse of encryption”, namely where a person intentionally, without lawful excuse or justification, and for the purpose of commission of an offence or concealment of evidence of any criminal matter, encrypts any communicat			unknown	not covered by DLA Piper	unknown	unknown	not covered by DLA Piper	unknown	not covered by DLA Piper
Argentina	member	No information available	No known legislation or policies.	No known legislation or policies.	No known legislation or policies.	AR	28 January 2025	COND	generally prior consent; exception for health-related data where transfer is necessary for public health or emergency reasons	yes	NONE_FOUND	DLA mentions no storage-location rule in any section	YES	confirmed by hand from the definition text
Armenia	member	No information available	No known legislation or policies.	No known legislation or policies.	No known legislation or policies.	AM	20 January 2025	COND	adequate protection or consent; special-category rules	yes	NONE_FOUND	DLA mentions no storage-location rule in any section	YES	confirmed by hand from the definition text
Australia	member	Some restrictions	No known legislation or policies.	Export controls are set out in the Defence and Trade Controls Act 2012, which specifies that an individual must obtain a permit before exporting or supplying items on the Defence and Strategic Goods List (DSGL). Part 2, Category 5 of the Defence and Strategic Goods List 2021 includes certain forms o	No known legislation or policies.	AU	11 March 2026	COND	reasonable steps (APP 8) or listed exceptions	no	NONE_FOUND	DLA mentions no storage-location rule in any section	YES	confirmed by hand from the definition text
Austria	member	No information available	No known legislation or policies.	No known legislation or policies.	No known legislation or policies.	AT	20 January 2025	COND	GDPR Ch V; first pass wrongly said AUTH	yes	NONE_FOUND	DLA mentions no storage-location rule in any section	YES	confirmed by hand from the definition text
Azerbaijan	member	No information available	No known legislation or policies.	No known legislation or policies.	No known legislation or policies.	AZ	15 February 2022	COND	prior written consent of the data subject	no	NONE_FOUND	DLA mentions no storage-location rule in any section	YES	confirmed by hand from the definition text
Bahamas (The)	member	Minimal restrictions	Section 24(1) of the Electronic Communications and Transactions Act allows the Minister with responsibility for Electronic Commerce to make Regulations “respecting the use, import and export of encryption technology, encryption programs, or other encryption products”. None, however, appear to have b	Section 24(1) of the Electronic Communications and Transactions Act allows the Minister with responsibility for Electronic Commerce to make Regulations “respecting the use, import and export of encryption technology, encryption programs, or other encryption products”. None, however, appear to have b	Section 24(1) of the Electronic Communications and Transactions Act allows the Minister with responsibility for Electronic Commerce to make Regulations “respecting the use, import and export of encryption technology, encryption programs, or other encryption products”. None, however, appear to have b	BS	28 January 2025	COND	commissioner may prohibit transfers lacking equivalent protection; first pass wrongly said LOCAL	no	NONE_FOUND	DLA mentions no storage-location rule in any section	YES	confirmed by hand from the definition text
Bahrain	member	Minimal restrictions	No known legislation or policies.	No known legislation or policies.	Article 9 of Law No. 60 of 2014 on Information Technology Crimes provides for a criminal offence of using encryption in order to commit or conceal any crime provided for in that law, or any other law, punishable by imprisonment or a fine of up to BHD 100,000, or both. A copy of the law (in Arabic) c	BH	2 February 2026	AUTH	prohibited unless to 83 listed countries; otherwise Authority's prior authorisation	yes	NONE_FOUND	DLA mentions no storage-location rule in any section	YES	health in sensitive definition
Bangladesh	member	Minimal restrictions	No known legislation or policies.	No known legislation or policies.	Section 60 of the Digital Security Act, 2018, enables the government to make rules in relation to, among other things, decryption. None, however, appear to have been made. A copy of the law (in Bengali) can be found here .	BD	3 January 2024	FREE	no general transfer regulation, sector rules only (banks, telcos); first pass wrongly said AUTH	no	NONE_FOUND	DLA mentions no storage-location rule in any section	NOT_DEFINED	CA 2023 has no sensitive category
Barbados	member	Some restrictions	Section 21(1) of the Electronic Transactions Act, 2001 permits the government to make regulations (a) respecting the use, import and export of encryption programmes or other encryption products, and (b) prohibiting the export of encryption programmes or other encryption products from Barbados genera	Section 21(1) of the Electronic Transactions Act, 2001 permits the government to make regulations (a) respecting the use, import and export of encryption programmes or other encryption products, and (b) prohibiting the export of encryption programmes or other encryption products from Barbados genera	No known legislation or policies.	BB	28 January 2024	COND	adequacy, consent or listed exemptions	no	NONE_FOUND	DLA mentions no storage-location rule in any section	NOT_STATED	DLA quotes the sensitive list and it does not include health
Belarus	member	Some restrictions	No known legislation or policies.	Under Resolution of the Council of Ministers of the Republic of Belarus No. 218 of 18 March 1997, the import and export of cryptography is prohibited without a license from the Ministry of Foreign Affairs or the State Center for Information Security of the Security Council. A copy of the Resolution 	No known legislation or policies.	BY	13 February 2026	COND	prohibited unless listed adequate country; exceptions exist	no	NONE_FOUND	DLA mentions no storage-location rule in any section	YES	confirmed by hand from the definition text
Belgium	member	Some restrictions	No known legislation or policies.	No known legislation or policies.	No known legislation or policies.	BE	13 February 2026	COND	GDPR Ch V; first pass wrongly said AUTH	yes	NONE_FOUND	DLA mentions no storage-location rule in any section	YES	confirmed by hand from the definition text
Belize	member	No information available	No known legislation or policies.	No known legislation or policies.	No known legislation or policies.			unknown	not covered by DLA Piper	unknown	unknown	not covered by DLA Piper	unknown	not covered by DLA Piper
Benin	member	No information available	No known legislation or policies.	No known legislation or policies.	No known legislation or policies.	BJ	20 January 2025	COND	adequacy or contractual safeguards	no	NONE_FOUND	DLA mentions no storage-location rule in any section	YES	confirmed by hand from the definition text
Bhutan	member	No information available	No known legislation or policies.	No known legislation or policies.	No known legislation or policies.			unknown	not covered by DLA Piper	unknown	unknown	not covered by DLA Piper	unknown	not covered by DLA Piper
Bolivia (Plurinational State of)	member	No information available	No known legislation or policies.	No known legislation or policies.	No known legislation or policies.	BO	4 February 2026	FREE	no specific requirements for transfers	no	NONE_FOUND	DLA mentions no storage-location rule in any section	NOT_STATED	DLA gives only a general definition
Bosnia and Herzegovina	member	No information available	No known legislation or policies.	No known legislation or policies.	No known legislation or policies.	BA	13 February 2026	COND	adequacy confirmed by Council of Ministers, or safeguards	no	NONE_FOUND	DLA mentions no storage-location rule in any section	YES	confirmed by hand from the definition text
Botswana	member	No information available	No known legislation or policies.	No known legislation or policies.	No known legislation or policies.	BW	18 March 2026	AUTH	prohibited save to Minister-designated countries; Commissioner's prior authorisation	yes	NONE_FOUND	DLA mentions no storage-location rule in any section	YES	confirmed by hand from the definition text
Brazil	member	Some restrictions	No known legislation or policies.	No known legislation or policies.	No known legislation or policies.	BR	30 March 2026	COND	consent unless adequacy, SCCs or listed cases incl. protecting life or physical safety	yes	NONE_FOUND	DLA mentions no storage-location rule in any section	YES	confirmed by hand from the definition text
Brunei Darussalam	member	Some restrictions	No known legislation or policies.	No known legislation or policies.	No known legislation or policies.	BN	18 March 2026	FREE	not currently regulated; PDPO expected	no	NONE_FOUND	DLA mentions no storage-location rule in any section	NOT_DEFINED	no legal definition
Bulgaria	member	No information available	No known legislation or policies.	No known legislation or policies.	No known legislation or policies.	BG	12 February 2026	COND	GDPR Ch V; first pass wrongly said AUTH	yes	NONE_FOUND	DLA mentions no storage-location rule in any section	YES	confirmed by hand from the definition text
Burkina Faso	member	No information available	No known legislation or policies.	No known legislation or policies.	No known legislation or policies.	BF	20 January 2025	AUTH	CNIL authorisation required, plus contract clauses	no	NONE_FOUND	DLA mentions no storage-location rule in any section	YES	confirmed by hand from the definition text
Burundi	member	No information available	No known legislation or policies.	No known legislation or policies.	No known legislation or policies.	BI	17 January 2024	FREE	no geographic restrictions; health code Art 16: patient decides whether medical information goes to third parties	no	NONE_FOUND	DLA mentions no storage-location rule in any section	NOT_DEFINED	not defined
Cabo Verde	member	Some restrictions	No known legislation or policies.	No known legislation or policies.	No known legislation or policies.	CV	16 January 2025	COND	adequacy, or consent or listed situations	yes	NONE_FOUND	DLA mentions no storage-location rule in any section	YES	confirmed by hand from the definition text
Cambodia	member	No information available	No known legislation or policies.	No known legislation or policies.	No known legislation or policies.	KH	13 February 2026	FREE	no restrictions except banks	no	NONE_FOUND	DLA mentions no storage-location rule in any section	NOT_DEFINED	personal data itself not defined
Cameroon	member	Some restrictions	Section 7(2) of Law No. 2010/012 of 21 December 2010 Relating to Cybersecurity and Cybercriminality in Cameroon says that the National Agency for Information and Communication Technologies (ANTIC) shall be “responsible for the regulation, control and monitoring of activities related to the security 	Section 58 of Law No. 2010/013 of 21 December 2010 Regulating Electronic Communications in Cameroon provides, more specifically, that “the supply, export, import or use of cryptography means or services associated with the transmission of information” requires prior declarations, where its sole purp	Under section 88 of Law No. 2010/012 of 21 December 2010 Relating to Cybersecurity and Cybercriminality in Cameroon, “whoever, knowing about a secret decoding convention, a cryptographic means likely to have been used to prepare, facilitate or commit a crime or felony, refuses to hand over the said 	CM	19 March 2026	AUTH	prior authorisation of the Personal Data Protection Authority	no	NONE_FOUND	DLA mentions no storage-location rule in any section	YES	confirmed by hand from the definition text
Canada	member	Minimal restrictions	No known legislation or policies.	Section 3 of the Export and Import Permits Act allows the government to establish an Export Control List, setting out restrictions on the export of certain articles. Items on the list must generally be authorised by an export permit before they can be exported from Canada, and include certain forms 	No known legislation or policies.	CA	26 January 2023	COND	accountability plus notice; Quebec requires a privacy assessment before transfer	no	NONE_FOUND	DLA mentions no storage-location rule in any section	PARTIAL	only Quebec defines sensitive information (biometric or medical)
Central African Republic	member	No information available	No known legislation or policies.	No known legislation or policies.	No known legislation or policies.			unknown	not covered by DLA Piper	unknown	unknown	not covered by DLA Piper	unknown	not covered by DLA Piper
Chad	member	No information available	No known legislation or policies.	No known legislation or policies.	No known legislation or policies.	TD	19 March 2026	COND	sufficient protection outside CEMAC/CEEAC; prior notice to ANSICE	yes	NONE_FOUND	DLA mentions no storage-location rule in any section	YES	confirmed by hand from the definition text
Chile	member	No information available	No known legislation or policies.	No known legislation or policies.	No known legislation or policies.	CL	5 February 2026	COND	consent or other legal basis; Law 21,719 regulates international transfers	no	NONE_FOUND	DLA mentions no storage-location rule in any section	YES	confirmed by hand from the definition text
China (the People's Republic of)	member	Widespread restrictions	State Council Order No. 273 “Regulation of Commercial Encryption Codes” provides that manufacturers must obtain approval from the National Commission on Encryption Code Regulations/ State Cryptography Administration for the type and model (including key length) of their encryption products. A copy o	State Council Order No. 273 “Regulation of Commercial Encryption Codes” provides that the import and export of encryption products requires a license by the National Commission on Encryption Code Regulations/ State Cryptography Administration. A copy of the Order can be found here .	State Council Order No. 273 “Regulation of Commercial Encryption Codes” provides that organisations and individuals may not distribute encryption products produced abroad. People may only use encryption products approved by the National Commission on Encryption Code Regulations, and they may not use	CN	13 February 2026	AUTH	CAC security assessment, certification or filed SCCs, plus separate consent; exemption for protecting life, health or property in emergencies	yes	NONE_FOUND	DLA mentions no storage-location rule in any section	YES	confirmed by hand from the definition text
Colombia	member	Widespread restrictions	No known legislation or policies.	No known legislation or policies.	Article 103, paragraph 4 of Law No. 104 of 1997 prohibits subscribers, licensees and other persons authorised to use certain radiocommunications systems (including pagers and mobile phones) from sending messages which are encrypted or in an “unintelligible language”. It is not clear if this prohibit	CO	13 February 2026	COND	prohibited unless equivalent protection; express consent and other exceptions	no	NONE_FOUND	DLA mentions no storage-location rule in any section	YES	confirmed by hand from the definition text
Comoros	member	No information available	No known legislation or policies.	No known legislation or policies.	No known legislation or policies.			unknown	not covered by DLA Piper	unknown	unknown	not covered by DLA Piper	unknown	not covered by DLA Piper
Congo	member	No information available	No known legislation or policies.	No known legislation or policies.	No known legislation or policies.	CG	4 February 2026	COND	similar protection plus prior notice to the Commission	no	NONE_FOUND	DLA mentions no storage-location rule in any section	YES	confirmed by hand from the definition text
Costa Rica	member	No information available	No known legislation or policies.	No known legislation or policies.	No known legislation or policies.	CR	9 February 2026	COND	prior written consent	no	NONE_FOUND	DLA mentions no storage-location rule in any section	YES	biomedical information
Côte D'Ivoire	member	No information available	No known legislation or policies.	No known legislation or policies.	No known legislation or policies.	CI	6 January 2025	AUTH	ARTCI prior authorisation even for adequate countries	no	NONE_FOUND	DLA mentions no storage-location rule in any section	YES	confirmed by hand from the definition text
Croatia	member	Minimal restrictions	No known legislation or policies.	No known legislation or policies.	No known legislation or policies.	HR	10 February 2026	COND	GDPR Ch V; first pass wrongly said AUTH	yes	NONE_FOUND	DLA mentions no storage-location rule in any section	YES	confirmed by hand from the definition text
Cuba	member	Widespread restrictions	Article 19(5) of Resolution No. 128/2011 (Regulation for Private Data Networks) requires official approval in order to use any type of application or service supported by a private network that involves encryption of the information which is transmitted.	No known legislation or policies.	Article 19 of Resolution No. 179/08 (Regulation for Internet Access Service Providers) requires internet access service providers to guarantee that any software they use does not involve cryptographic systems or the transfer or encrypted files. A copy of the Resolution (in Spanish) can be found here	CU	16 February 2022	FREE	nothing established on transfer	no	NONE_FOUND	DLA mentions no storage-location rule in any section	NOT_DEFINED	no express definition
Cyprus	member	No information available	No known legislation or policies.	No known legislation or policies.	No known legislation or policies.	CY	12 March 2026	COND	GDPR Ch V; first pass wrongly said AUTH	yes	NONE_FOUND	DLA mentions no storage-location rule in any section	YES	confirmed by hand from the definition text
Czechia	member	Some restrictions	No known legislation or policies.	No known legislation or policies.	No known legislation or policies.	CZ	16 January 2024	COND	GDPR Ch V; first pass wrongly said AUTH	yes	NONE_FOUND	DLA mentions no storage-location rule in any section	YES	confirmed by hand from the definition text
Democratic People's Republic of Korea	member	No information available	No known legislation or policies.	No known legislation or policies.	No known legislation or policies.			unknown	not covered by DLA Piper	unknown	unknown	not covered by DLA Piper	unknown	not covered by DLA Piper
Democratic Republic of the Congo	member	No information available	No known legislation or policies.	No known legislation or policies.	No known legislation or policies.	CD	4 February 2026	COND	cross-border allowed if destination offers equal or better protection; transmission needs explicit prior consent	no	NONE_FOUND	DLA mentions no storage-location rule in any section	YES	confirmed by hand from the definition text
Denmark	member	Some restrictions	No known legislation or policies.	No known legislation or policies.	No known legislation or policies.	DK	16 January 2025	COND	GDPR Ch V; first pass wrongly said AUTH	yes	NONE_FOUND	DLA mentions no storage-location rule in any section	YES	confirmed by hand from the definition text
Djibouti	member	No information available	No known legislation or policies.	No known legislation or policies.	No known legislation or policies.			unknown	not covered by DLA Piper	unknown	unknown	not covered by DLA Piper	unknown	not covered by DLA Piper
Dominica	member	No information available	No known legislation or policies.	No known legislation or policies.	No known legislation or policies.			unknown	not covered by DLA Piper	unknown	unknown	not covered by DLA Piper	unknown	not covered by DLA Piper
Dominican Republic	member	No information available	No known legislation or policies.	No known legislation or policies.	No known legislation or policies.	DO	28 January 2025	COND	data owner's express authorisation or contract necessity	no	NONE_FOUND	DLA mentions no storage-location rule in any section	YES	confirmed by hand from the definition text
Ecuador	member	Minimal restrictions	No known legislation or policies.	No known legislation or policies.	No known legislation or policies.	EC	10 February 2026	COND	adequacy or safeguards	yes	NONE_FOUND	DLA mentions no storage-location rule in any section	YES	confirmed by hand from the definition text
Egypt	member	Widespread restrictions	Article 64 of Law No. 10 of 2003 on Telecommunication Regulations prohibits telecommunication service operators, providers, their employees and users of such services from using any telecommunication service encryption equipment without written permission from the National Telecom Regulatory Authori	Although there is no provision referring to encryption specifically, Article 44 of Law No. 10 of 2003 on Telecommunication Regulations prohibits the import, manufacture or assembly of any telecommunication equipment without a licence from the National Telecom Regulatory Authority according to the st	No known legislation or policies.	EG	13 February 2026	AUTH	adequacy plus a licence or permit from the Personal Data Protection Centre; consent exception	no	NONE_FOUND	DLA mentions no storage-location rule in any section	YES	confirmed by hand from the definition text
El Salvador	member	Minimal restrictions	No known legislation or policies.	No known legislation or policies.	Article 21 of the Special Law for the Interception of Telecommunications (Legislative Decree No. 285 of 18 February 2010) provides that if material recorded in the course of an interception could not be translated or interpreted, in full or in part, due to encryption, protection by passwords or anot	SV	28 January 2024	COND	not specifically regulated; written authorisation of the data owner generally required	no	NONE_FOUND	DLA mentions no storage-location rule in any section	YES	physical and mental health
Equatorial Guinea	member	No information available	No known legislation or policies.	No known legislation or policies.	No known legislation or policies.	GQ	6 March 2025	AUTH	private holders may disclose personal data only by court order; not cross-border specific	no	NONE_FOUND	DLA mentions no storage-location rule in any section	YES	processing health data without consent is a major infringement
Eritrea	member	No information available	No known legislation or policies.	No known legislation or policies.	No known legislation or policies.			unknown	not covered by DLA Piper	unknown	unknown	not covered by DLA Piper	unknown	not covered by DLA Piper
Estonia	member	Minimal restrictions	No known legislation or policies.	No known legislation or policies.	No known legislation or policies.	EE	19 February 2026	COND	GDPR Ch V; first pass wrongly said AUTH	yes	NONE_FOUND	DLA mentions no storage-location rule in any section	YES	confirmed by hand from the definition text
Eswatini	member	No information available	No known legislation or policies.	No known legislation or policies.	No known legislation or policies.			unknown	not covered by DLA Piper	unknown	unknown	not covered by DLA Piper	unknown	not covered by DLA Piper
Ethiopia	member	Some restrictions	Article 3(1) of the Proclamation on Telecom Fraud Offences (Proclamation No. 761/2012) criminalises the manufacture, assembly or import of any telecommunications equipment without a permit, punishable by “rigorous imprisonment” for between 10 and 15 years and a fine of between ETB 100,000 and ETB 15	Article 3(1) of the Proclamation on Telecom Fraud Offences (Proclamation No. 761/2012) criminalises the manufacture, assembly or import of any telecommunications equipment without a permit, punishable by “rigorous imprisonment” for between 10 and 15 years and a fine of between ETB 100,000 and ETB 15	Article 3(1) of the Proclamation on Telecom Fraud Offences (Proclamation No. 761/2012) criminalises the manufacture, assembly or import of any telecommunications equipment without a permit, punishable by “rigorous imprisonment” for between 10 and 15 years and a fine of between ETB 100,000 and ETB 15	ET	23 March 2026	AUTH	adequate jurisdictions allowed; otherwise ECA authorisation plus consent	no	NONE_FOUND	DLA mentions no storage-location rule in any section	YES	confirmed by hand from the definition text
Fiji	member	Some restrictions	No known legislation or policies.	No known legislation or policies.	No known legislation or policies.	FJ	19 March 2026	FREE	no applicable laws	no	NONE_FOUND	DLA mentions no storage-location rule in any section	NOT_DEFINED	no law; constitutional privacy right only
Finland	member	Some restrictions	No known legislation or policies.	No known legislation or policies.	No known legislation or policies.	FI	13 February 2026	COND	GDPR Ch V; first pass wrongly said AUTH	yes	NONE_FOUND	DLA mentions no storage-location rule in any section	YES	confirmed by hand from the definition text
France	member	Some restrictions	Article 31 of Law No. 2004-575 of 21 June 2004 on confidence in the digital economy provide that a person wishing to supply cryptography services must make a declaration to the Prime Minister. These provisions also give the government the power to issue a decree setting out exceptions to this genera	Article 30(III) of Law No. 2004-575 of 21 June 2004 on confidence in the digital economy provides that a person wishing to supply or import or export cryptography products and services, where the the product or service is not exclusively for the purpose of authentication or to ensure integrity. must	No known legislation or policies.	FR	23 February 2026	COND	GDPR Ch V; first pass wrongly said AUTH; French health-data hosting certification not examined	yes	NONE_FOUND	DLA mentions no storage-location rule in any section	YES	confirmed by hand from the definition text
Gabon	member	No information available	No known legislation or policies.	No known legislation or policies.	No known legislation or policies.	GA	6 January 2025	COND	prohibited unless adequate; adequacy list not yet published	no	NONE_FOUND	DLA mentions no storage-location rule in any section	YES	confirmed by hand from the definition text
Gambia (Republic of The)	member	No information available	No known legislation or policies.	No known legislation or policies.	No known legislation or policies.			unknown	not covered by DLA Piper	unknown	unknown	not covered by DLA Piper	unknown	not covered by DLA Piper
Georgia	member	No information available	No known legislation or policies.	No known legislation or policies.	No known legislation or policies.	GE	13 March 2026	COND	adequate safeguards or listed grounds	yes	NONE_FOUND	DLA mentions no storage-location rule in any section	YES	confirmed by hand from the definition text
Germany	member	Some restrictions	No known legislation or policies.	No known legislation or policies.	No known legislation or policies.	DE	16 February 2026	COND	GDPR Ch V; first pass wrongly said AUTH	yes	NONE_FOUND	DLA mentions no storage-location rule in any section	YES	confirmed by hand from the definition text
Ghana	member	Some restrictions	Section 28 of the Electronic Transactions Act, 2008 prohibits the selling or provision of encryption or authentication services unless it is compliant with the Act. Section 30 provides that the National Information Technology Agency shall act as the “Certifying Agency” and its functions include issu	No known legislation or policies.	No known legislation or policies.	GH	18 March 2026	FREE	no transfer provisions in the Act; sale of personal data prohibited	no	NONE_FOUND	DLA mentions no storage-location rule in any section	YES	confirmed by hand from the definition text
Greece	member	Some restrictions	No known legislation or policies.	No known legislation or policies.	No known legislation or policies.	GR	16 January 2025	COND	GDPR Ch V; first pass wrongly said AUTH	yes	NONE_FOUND	DLA mentions no storage-location rule in any section	YES	confirmed by hand from the definition text
Grenada	member	Some restrictions	No known legislation or policies.	No known legislation or policies.	Section 11(1) of the Electronic Crimes Act, 2013 creates a criminal offence of “misuse of encryption”, namely where a person, for the purpose of the commission of an offence or concealment of incriminating evidence, encrypts in any electronic system any incriminating communication or data contained 			unknown	not covered by DLA Piper	unknown	unknown	not covered by DLA Piper	unknown	not covered by DLA Piper
Guatemala	member	No information available	No known legislation or policies.	No known legislation or policies.	No known legislation or policies.	GT	21 December 2021	COND	not regulated; written consent required for information transfer	no	NONE_FOUND	DLA mentions no storage-location rule in any section	YES	confirmed by hand from the definition text
Guinea	member	No information available	No known legislation or policies.	No known legislation or policies.	No known legislation or policies.	GN	20 December 2021	AUTH	prior authorisation from the data protection authority	no	NONE_FOUND	DLA mentions no storage-location rule in any section	YES	confirmed by hand from the definition text
Guinea Bissau	member	No information available	No known legislation or policies.	No known legislation or policies.	No known legislation or policies.			unknown	not covered by DLA Piper	unknown	unknown	not covered by DLA Piper	unknown	not covered by DLA Piper
Guyana	member	Some restrictions	No known legislation or policies.	No known legislation or policies.	No known legislation or policies.			unknown	not covered by DLA Piper	unknown	unknown	not covered by DLA Piper	unknown	not covered by DLA Piper
Haiti	member	No information available	No known legislation or policies.	No known legislation or policies.	No known legislation or policies.	HT	16 January 2025	FREE	no transfer restriction; data communicated to third parties must remain accessible and correctable	no	NONE_FOUND	DLA mentions no storage-location rule in any section	NOT_DEFINED	any data whose release would infringe rights
Honduras	member	No information available	No known legislation or policies.	No known legislation or policies.	No known legislation or policies.	HN	10 February 2025	COND	express written consent of the data subject, with exceptions	no	NONE_FOUND	DLA mentions no storage-location rule in any section	YES	confirmed by hand from the definition text
Hungary	member	No information available	No known legislation or policies.	No known legislation or policies.	No known legislation or policies.	HU	13 March 2026	COND	GDPR Ch V	yes	NONE_FOUND	DLA mentions no storage-location rule in any section	YES	confirmed by hand from the definition text
Iceland	member	No information available	No known legislation or policies.	No known legislation or policies.	No known legislation or policies.	IS	16 January 2025	COND	GDPR via EEA; first pass wrongly said AUTH	yes	NONE_FOUND	DLA mentions no storage-location rule in any section	YES	confirmed by hand from the definition text
India	member	Widespread restrictions	No known legislation or policies.	No known legislation or policies.	No known legislation or policies.	IN	13 February 2026	COND	allowed to all countries except any the government blacklists; valid contract; first pass wrongly said LOCAL	no	SECTOR_OTHER	payments (RBI) and securities (SEBI) data only; DPDP Act has no general localisation	NOT_DEFINED	DPDP Act has no sensitive category
Indonesia	member	No information available	No known legislation or policies.	No known legislation or policies.	No known legislation or policies.	ID	13 February 2026	COND	equal or higher protection, safeguards, or consent	no	SECTOR_OTHER	banks need FSA approval for data centres abroad	YES	confirmed by hand from the definition text
Iran (Islamic Republic of)	member	Widespread restrictions	No known legislation or policies.	No known legislation or policies.	Article 10 of the Law on Computer Crime Law provides for a criminal offence of “concealing data, changing passwords, or encrypting data that prevents access of authorised individuals to data, computer and telecommunication systems”. The offence is punishable by imprisonment of between 91 days and on	IR	23 May 2019	COND	express consent plus adequate security	no	NONE_FOUND	DLA mentions no storage-location rule in any section	YES	confirmed by hand from the definition text
Iraq	member	No information available	No known legislation or policies.	No known legislation or policies.	No known legislation or policies.			unknown	not covered by DLA Piper	unknown	unknown	not covered by DLA Piper	unknown	not covered by DLA Piper
Ireland	member	Minimal restrictions	No known legislation or policies.	No known legislation or policies.	No known legislation or policies.	IE	17 January 2025	COND	GDPR Ch V; first pass wrongly said AUTH	yes	NONE_FOUND	DLA mentions no storage-location rule in any section	YES	confirmed by hand from the definition text
Israel	member	Some restrictions	Section 2 of the Order Regarding the Engagement in Encryption Items – 1974 (5734) prohibits organisations and individuals from engaging in encryption-related items unless they have a licence to do so from the Director-General at the Ministry of Defence. Section 3(d) of the Order does, however, grant	Section 2 of the Order Regarding the Engagement in Encryption Items – 1974 (5734) prohibits organisations and individuals from engaging in encryption-related items unless they have a licence to do so from the Director-General at the Ministry of Defence. The definition of “engagement” includes import	No known legislation or policies.	IL	25 December 2024	COND	equivalent protection or listed conditions incl. consent	no	NONE_FOUND	DLA mentions no storage-location rule in any section	YES	confirmed by hand from the definition text
Italy	member	No information available	No known legislation or policies.	No known legislation or policies.	No known legislation or policies.	IT	16 January 2025	COND	GDPR Ch V; first pass wrongly said AUTH	yes	NONE_FOUND	DLA mentions no storage-location rule in any section	YES	confirmed by hand from the definition text
Jamaica	member	Minimal restrictions	No known legislation or policies.	No known legislation or policies.	No known legislation or policies.			unknown	not covered by DLA Piper	unknown	unknown	not covered by DLA Piper	unknown	not covered by DLA Piper
Japan	member	Some restrictions	No known legislation or policies.	No known legislation or policies.	No known legislation or policies.	JP	12 February 2026	COND	prior consent, opt-out, joint use or entrustment	no	NONE_FOUND	DLA mentions no storage-location rule in any section	YES	medical history
Jordan	member	No information available	No known legislation or policies.	No known legislation or policies.	No known legislation or policies.	JO	8 February 2026	COND	consent and conditions; Art 15 bars transfer to lower-protection destinations unless exceptions; first pass wrongly said LOCAL	no	NONE_FOUND	DLA mentions no storage-location rule in any section	YES	confirmed by hand from the definition text
Kazakhstan	member	Widespread restrictions	No known legislation or policies.	No known legislation or policies.	No known legislation or policies.	KZ	13 February 2026	COND	protection or consent; law may prohibit in cases; storage localisation checked separately	no	GENERAL	personal data should be stored in databases located in Kazakhstan	NOT_DEFINED	no definition; medical secrecy under sector law
Kenya	member	No information available	No known legislation or policies.	No known legislation or policies.	No known legislation or policies.	KE	23 March 2026	COND	proof of safeguards to the DPC; sensitive-data transfer needs consent; vital-interests necessity; civil registry needs DPC approval	yes	HEALTH	"NOT in DLA. Kenya Law, Data Protection (General) Regulations LN 263/2021, reg 26(2)(f), read verbatim 2026-09-21: processing for ""provision of primary or secondary health care for a data subject in the country"" must use a server and data centre in Kenya, or store at least one serving copy in a data centre in Kenya"	YES	confirmed by hand from the definition text
Kiribati	member	Some restrictions	No known legislation or policies.	No known legislation or policies.	No known legislation or policies.			unknown	not covered by DLA Piper	unknown	unknown	not covered by DLA Piper	unknown	not covered by DLA Piper
Kuwait	member	No information available	No known legislation or policies.	No known legislation or policies.	No known legislation or policies.	KW	4 February 2025	COND	disclose destination countries; no transfer without consent under E-Commerce Law	no	NONE_FOUND	DLA mentions no storage-location rule in any section	NOT_DEFINED	health status is personal data; no sensitive category
Kyrgyzstan	member	No information available	No known legislation or policies.	No known legislation or policies.	No known legislation or policies.	KG	4 February 2025	COND	allowed within and abroad; protecting data subject's interests is a ground	no	NONE_FOUND	DLA mentions no storage-location rule in any section	NOT_DEFINED	all personal data confidential; health listed as personal data
Lao People’s Democratic Republic	member	No information available	No known legislation or policies.	No known legislation or policies.	No known legislation or policies.	LA	27 March 2026	COND	consent plus receiving entity's protection; financial documents encrypted	no	NONE_FOUND	DLA mentions no storage-location rule in any section	YES	history of medical treatment listed as important information
Latvia	member	No information available	No known legislation or policies.	No known legislation or policies.	No known legislation or policies.	LV	4 February 2025	COND	GDPR Ch V; first pass wrongly said AUTH	yes	NONE_FOUND	DLA mentions no storage-location rule in any section	YES	confirmed by hand from the definition text
Lebanon	member	Some restrictions	No known legislation or policies.	No known legislation or policies.	No known legislation or policies.	LB	21 December 2022	FREE	law silent on cross-border transfers	no	NONE_FOUND	DLA mentions no storage-location rule in any section	YES	health data processing under a Minister of Public Health decision
Lesotho	member	No information available	No known legislation or policies.	No known legislation or policies.	No known legislation or policies.	LS	16 March 2026	COND	SADC-transposed states or adequate protection	no	NONE_FOUND	DLA mentions no storage-location rule in any section	YES	confirmed by hand from the definition text
Liberia	member	Some restrictions	No known legislation or policies.	No known legislation or policies.	No known legislation or policies.	LR	23 February 2024	COND	no Liberian law; ECOWAS Act adequacy as secondary source	no	NONE_FOUND	DLA mentions no storage-location rule in any section	NOT_DEFINED	no Liberian law defines it
Libya	member	No information available	No known legislation or policies.	No known legislation or policies.	No known legislation or policies.	LY	18 January 2024	COND	Art 78 appropriate level of protection; first pass wrongly said FREE	no	NONE_FOUND	DLA mentions no storage-location rule in any section	NOT_DEFINED	medical records listed as personal data, not a sensitive category
Liechtenstein	member	No information available	No known legislation or policies.	No known legislation or policies.	No known legislation or policies.			unknown	not covered by DLA Piper	unknown	unknown	not covered by DLA Piper	unknown	not covered by DLA Piper
Lithuania	member	No information available	No known legislation or policies.	No known legislation or policies.	No known legislation or policies.	LT	3 February 2025	COND	GDPR Ch V; first pass wrongly said AUTH	yes	NONE_FOUND	DLA mentions no storage-location rule in any section	YES	confirmed by hand from the definition text
Luxembourg	member	Some restrictions	No known legislation or policies.	No known legislation or policies.	No known legislation or policies.	LU	4 February 2025	COND	GDPR Ch V; first pass wrongly said AUTH	yes	NONE_FOUND	DLA mentions no storage-location rule in any section	YES	confirmed by hand from the definition text
Madagascar	member	No information available	No known legislation or policies.	No known legislation or policies.	No known legislation or policies.	MG	4 February 2025	COND	sufficient level of protection	no	NONE_FOUND	DLA mentions no storage-location rule in any section	YES	confirmed by hand from the definition text
Malawi	member	Some restrictions	Section 54(1) of the Electronic Transactions and Cyber Security Act, 2016 prohibits the provision of cryptography services or products without registration. Applications must be made to the Malawi Communications Regulatory Authority (s.54(2)). The government must issue regulations (a) in respect of 	Section 54(1) of the Electronic Transactions and Cyber Security Act, 2016 prohibits the provision of cryptography services or products without registration. Applications must be made to the Malawi Communications Regulatory Authority (s.54(2)). The government must issue regulations (a) in respect of 	No known legislation or policies.			unknown	not covered by DLA Piper	unknown	unknown	not covered by DLA Piper	unknown	not covered by DLA Piper
Malaysia	member	Some restrictions	No known legislation or policies.	Sections 7 and 9 of the Strategic Trade Act 2010 prohibit the import and export of strategic goods and technology as determined by the Minister of International Trade and Industry. The Minister’s determination includes certain forms of encryption technology. A copy of the law can be found here . A c	No known legislation or policies.	MY	12 February 2026	COND	substantially similar laws or exceptions	yes	NONE_FOUND	DLA mentions no storage-location rule in any section	YES	confirmed by hand from the definition text
Maldives	member	No information available	No known legislation or policies.	No known legislation or policies.	No known legislation or policies.			unknown	not covered by DLA Piper	unknown	unknown	not covered by DLA Piper	unknown	not covered by DLA Piper
Mali	member	No information available	No known legislation or policies.	No known legislation or policies.	No known legislation or policies.			unknown	not covered by DLA Piper	unknown	unknown	not covered by DLA Piper	unknown	not covered by DLA Piper
Malta	member	Some restrictions	No known legislation or policies.	No known legislation or policies.	Article 23(7) of the Electronic Commerce Act provides that no person shall use cryptographic or other similar techniques for any illegal purpose. Doing so is an offence punishable by imprisonment of up to two years and/or a fine of up to €250,000 (s. 24). A copy of the law can be found here .	MT	12 February 2026	COND	GDPR Ch V; first pass wrongly said AUTH	yes	NONE_FOUND	DLA mentions no storage-location rule in any section	YES	confirmed by hand from the definition text
Marshall Islands	member	No information available	No known legislation or policies.	No known legislation or policies.	No known legislation or policies.			unknown	not covered by DLA Piper	unknown	unknown	not covered by DLA Piper	unknown	not covered by DLA Piper
Mauritania	member	No information available	No known legislation or policies.	No known legislation or policies.	No known legislation or policies.			unknown	not covered by DLA Piper	unknown	unknown	not covered by DLA Piper	unknown	not covered by DLA Piper
Mauritius	member	Some restrictions	No known legislation or policies.	No known legislation or policies.	No known legislation or policies.	MU	16 March 2026	COND	proof of safeguards to the Commissioner, explicit consent, or necessity	yes	NONE_FOUND	DLA mentions no storage-location rule in any section	YES	confirmed by hand from the definition text
Mexico	member	No information available	No known legislation or policies.	No known legislation or policies.	No known legislation or policies.	MX	28 January 2024	COND	privacy notice passed to third party; consent rules	no	NONE_FOUND	DLA mentions no storage-location rule in any section	YES	past or present health conditions
Micronesia (Federated States of)	member	No information available	No known legislation or policies.	No known legislation or policies.	No known legislation or policies.	FM	2 February 2026	FREE	none	no	NONE_FOUND	DLA mentions no storage-location rule in any section	NOT_DEFINED	none
Monaco	member	Some restrictions	No known legislation or policies.	No known legislation or policies.	No known legislation or policies.	MC	6 February 2025	COND	equivalent protection and reciprocity; consent or to save the data subject's life	yes	NONE_FOUND	DLA mentions no storage-location rule in any section	YES	confirmed by hand from the definition text
Mongolia	member	No information available	No known legislation or policies.	No known legislation or policies.	No known legislation or policies.	MN	20 March 2026	COND	prohibited unless approved under law or permitted by the data owner	no	GENERAL	data controller's processing server must be in Mongolia and accessible only from Mongolia	YES	health in Art 4.1.12
Montenegro	member	Widespread restrictions	No known legislation or policies.	No known legislation or policies.	No known legislation or policies.	ME	13 February 2026	AUTH	transfer subject to the DPA's approval	no	NONE_FOUND	DLA mentions no storage-location rule in any section	YES	confirmed by hand from the definition text
Morocco	member	Widespread restrictions	Article 13 of Law No. 53-05 on the Electronic Exchange of Legal Data provides that, in order to prevent their use for illegal purposes and to preserve the interests of national defence and the internal or external security of state, the import, export, supply or use of cryptography means or services	Article 13 of Law No. 53-05 on the Electronic Exchange of Legal Data provides that, in order to prevent their use for illegal purposes and to preserve the interests of national defence and the internal or external security of state, the import, export, supply or use of cryptography means or services	Article 33 of Law No. 53-05 on the Electronic Exchange of Legal Data provides that, where encryption is used to commit a criminal offence, and the penalty is one of imprisonment, the maximum penalty for the offence is to be increased by between three and five years. Article 34 provides that where pe	MA	20 March 2026	AUTH	prior authorisation from the National Commission plus adequacy	yes	NONE_FOUND	DLA mentions no storage-location rule in any section	YES	confirmed by hand from the definition text
Mozambique	member	Minimal restrictions	No known legislation or policies.	No known legislation or policies.	While not a restriction on encryption, Article 283 of the Code of Criminal Procedure provides that where documents which have been seized are encrypted, they must be examined by experts to decrypt them. A copy of the Code of Penal Procedure can be found (in Portuguese) here .	MZ	17 February 2026	COND	no general cross-border restriction; constitution requires consent for disclosure	no	NONE_FOUND	DLA mentions no storage-location rule in any section	YES	confirmed by hand from the definition text
Myanmar	member	Minimal restrictions	No known legislation or policies.	No known legislation or policies.	Section 69 of the Telecommunications Law provides that the disclosure of information which has been encrypted is only allowed in relation to a telecommunications-related matter prosecution and only when authorised by a court order. Breach of section 69 is a criminal offence punishable by up to one y	MM	11 February 2026	COND	consent by implication of relevant laws	no	NONE_FOUND	DLA mentions no storage-location rule in any section	NOT_DEFINED	no definition
Namibia	member	No information available	No known legislation or policies.	No known legislation or policies.	No known legislation or policies.	NA	20 March 2026	FREE	no data transfer restrictions	no	NONE_FOUND	DLA mentions no storage-location rule in any section	NOT_DEFINED	not defined
Naoero	member	No information available	No known legislation or policies.	No known legislation or policies.	No known legislation or policies.			unknown	not covered by DLA Piper	unknown	unknown	not covered by DLA Piper	unknown	not covered by DLA Piper
Nepal	member	No information available	No known legislation or policies.	No known legislation or policies.	No known legislation or policies.	NP	20 March 2026	COND	no general transfer rule; cloud and data-centre services must be from government-listed providers	no	NONE_FOUND	DLA mentions no storage-location rule in any section	YES	confirmed by hand from the definition text
Netherlands (Kingdom of the)	member	Some restrictions	No known legislation or policies.	No known legislation or policies.	No known legislation or policies.	NL	18 January 2024	COND	GDPR Ch V; first pass wrongly said AUTH	yes	NONE_FOUND	DLA mentions no storage-location rule in any section	YES	confirmed by hand from the definition text
New Zealand	member	Some restrictions	No known legislation or policies.	No known legislation or policies.	No known legislation or policies.	NZ	13 February 2026	COND	disclosure limited to purpose; safeguards	no	NONE_FOUND	DLA mentions no storage-location rule in any section	YES	confirmed by hand from the definition text
Nicaragua	member	No information available	No known legislation or policies.	No known legislation or policies.	No known legislation or policies.	NI	28 January 2024	COND	prior consent of the data owner	no	NONE_FOUND	DLA mentions no storage-location rule in any section	YES	confirmed by hand from the definition text
Niger	member	No information available	No known legislation or policies.	No known legislation or policies.	No known legislation or policies.	NE	6 January 2025	COND	superior or equivalent protection	no	NONE_FOUND	DLA mentions no storage-location rule in any section	YES	confirmed by hand from the definition text
Nigeria	member	Some restrictions	No known legislation or policies.	No known legislation or policies.	No known legislation or policies.	NG	17 March 2026	COND	adequacy or listed bases	yes	NONE_FOUND	DLA mentions no storage-location rule in any section	YES	confirmed by hand from the definition text
North Macedonia	member	No information available	No known legislation or policies.	No known legislation or policies.	No known legislation or policies.	MK	9 February 2026	AUTH	notify DPA 15 days ahead for EU/EEA/NATO; otherwise only if DPA deems adequate	no	NONE_FOUND	DLA mentions no storage-location rule in any section	YES	confirmed by hand from the definition text
Norway	member	No information available	No known legislation or policies.	No known legislation or policies.	No known legislation or policies.	NO	16 January 2025	COND	GDPR via EEA; first pass wrongly said AUTH	yes	NONE_FOUND	DLA mentions no storage-location rule in any section	YES	confirmed by hand from the definition text
Oman	member	Some restrictions	Article 48 of the Telecommunications Regulatory Act provides that encryption shall not be used in telecommunications or between computer networks without a license from the Minister. The license shall determine the persons who may operate and the conditions of operating, fees imposed for issue of li	No known legislation or policies.	No known legislation or policies.			unknown	not covered by DLA Piper	unknown	unknown	not covered by DLA Piper	unknown	not covered by DLA Piper
Pakistan	member	Widespread restrictions	The Pakistan Telecommunication Authority requires prior approval for the use of VPNs in their licensing agreements. A copy of the licence agreement template can be found here .	No known legislation or policies.	Regulation 5 of the Monitoring and Reconciliation of Telephony Traffic Regulations 2010 provides that licensed mobile and telephony service providers must establish systems for monitoring telecommunication traffic (voice and data). These systems must ensure that voice and data signalling information	PK	17 March 2026	COND	no data protection law in force; PECA bars transmitting identity information without consent; first pass wrongly said AUTH	no	DRAFT	draft PDPB would require critical personal data in Pakistan; not law	YES	confirmed by hand from the definition text
Palau	member	No information available	No known legislation or policies.	No known legislation or policies.	No known legislation or policies.			unknown	not covered by DLA Piper	unknown	unknown	not covered by DLA Piper	unknown	not covered by DLA Piper
Panama	member	No information available	No known legislation or policies.	No known legislation or policies.	No known legislation or policies.	PA	12 February 2026	COND	constitutional consent requirement	no	NONE_FOUND	DLA mentions no storage-location rule in any section	YES	confirmed by hand from the definition text
Papua New Guinea	member	Some restrictions	No known legislation or policies.	No known legislation or policies.	No known legislation or policies.			unknown	not covered by DLA Piper	unknown	unknown	not covered by DLA Piper	unknown	not covered by DLA Piper
Paraguay	member	No information available	No known legislation or policies.	No known legislation or policies.	No known legislation or policies.	PY	30 March 2026	FREE	only credit-data law regulates transfer; no other specific provisions	no	NONE_FOUND	DLA mentions no storage-location rule in any section	YES	confirmed by hand from the definition text
Peru	member	No information available	No known legislation or policies.	No known legislation or policies.	No known legislation or policies.	PE	10 February 2026	COND	adequate protection; generally consent	no	NONE_FOUND	DLA mentions no storage-location rule in any section	YES	confirmed by hand from the definition text
Philippines	member	Minimal restrictions	No known legislation or policies.	No known legislation or policies.	No known legislation or policies.	PH	16 March 2026	COND	PIC remains accountable; data sharing and outsourcing arrangements	no	NONE_FOUND	DLA mentions no storage-location rule in any section	YES	confirmed by hand from the definition text
Poland	member	No information available	No known legislation or policies.	No known legislation or policies.	No known legislation or policies.	PL	16 February 2026	COND	GDPR Ch V	yes	NONE_FOUND	DLA mentions no storage-location rule in any section	YES	confirmed by hand from the definition text
Portugal	member	No information available	No known legislation or policies.	No known legislation or policies.	No known legislation or policies.	PT	12 February 2026	COND	GDPR Ch V; first pass wrongly said AUTH	yes	NONE_FOUND	DLA mentions no storage-location rule in any section	YES	confirmed by hand from the definition text
Qatar	member	No information available	No known legislation or policies.	No known legislation or policies.	No known legislation or policies.	QA	17 January 2024	COND	consent unless necessary for a lawful purpose	no	NONE_FOUND	DLA mentions no storage-location rule in any section	YES	confirmed by hand from the definition text
Republic of Korea	member	No information available	No known legislation or policies.	No known legislation or policies.	No known legislation or policies.	KR	20 March 2026	COND	prior opt-in consent with statutory exceptions	no	NONE_FOUND	DLA mentions no storage-location rule in any section	YES	health or medical treatment information
Republic of Moldova	member	No information available	No known legislation or policies.	No known legislation or policies.	No known legislation or policies.	MD	13 February 2026	COND	EU and adequate third countries; NCPDP list	yes	NONE_FOUND	DLA mentions no storage-location rule in any section	YES	confirmed by hand from the definition text
Romania	member	No information available	No known legislation or policies.	No known legislation or policies.	No known legislation or policies.	RO	6 January 2025	COND	GDPR Ch V; first pass wrongly said AUTH	yes	NONE_FOUND	DLA mentions no storage-location rule in any section	YES	confirmed by hand from the definition text
Russian Federation	member	Widespread restrictions	Article 12 of Federal Law No. 128-FZ “On Licensing Specific Types of Activity” provides that a licence is required for distributing encryption facilities, maintaining encryption facilities, providing encryption services, and developing and manufacturing encryption facilities protected by means of en	No known legislation or policies.	No known legislation or policies.	RU	6 January 2025	AUTH	prior notice to Roskomnadzor for 34 white-listed states; approval needed for others (silence counts as approval); storage localisation checked separately	no	GENERAL	personal data of Russian individuals must be stored and processed in databases in Russia (2015 Data Localization Rule)	YES	confirmed by hand from the definition text
Rwanda	member	Some restrictions	No known legislation or policies.	No known legislation or policies.	No known legislation or policies.	RW	6 January 2025	COND	NCSA authorisation with proof of safeguards, or consent, or necessity; storage localisation checked separately	yes	GENERAL	must store personal data in Rwanda unless holding a registration certificate authorising storage abroad (Art 50)	YES	confirmed by hand from the definition text
Saint Kitts and Nevis	member	No information available	No known legislation or policies.	No known legislation or policies.	No known legislation or policies.			unknown	not covered by DLA Piper	unknown	unknown	not covered by DLA Piper	unknown	not covered by DLA Piper
Saint Lucia	member	Minimal restrictions	No known legislation or policies.	No known legislation or policies.	No known legislation or policies.			unknown	not covered by DLA Piper	unknown	unknown	not covered by DLA Piper	unknown	not covered by DLA Piper
Saint Vincent and the Grenadines	member	Some restrictions	Section 34 of the Electronic Communications Act 2007 establishes a register of all cryptography providers. Unless they are registered, a cryptography provide cannot provide cryptography products. A copy of the law can be found here .	No known legislation or policies.	No known legislation or policies.			unknown	not covered by DLA Piper	unknown	unknown	not covered by DLA Piper	unknown	not covered by DLA Piper
Samoa	member	Some restrictions	No known legislation or policies.	No known legislation or policies.	No known legislation or policies.			unknown	not covered by DLA Piper	unknown	unknown	not covered by DLA Piper	unknown	not covered by DLA Piper
San Marino	member	No information available	No known legislation or policies.	No known legislation or policies.	No known legislation or policies.			unknown	not covered by DLA Piper	unknown	unknown	not covered by DLA Piper	unknown	not covered by DLA Piper
Sao Tome and Principe	member	Minimal restrictions	No known legislation or policies.	No known legislation or policies.	While not a restriction on encryption, Article 239 of the Code of Criminal Procedure provides that where documents which have been seized are encrypted, they shall be decrypted by an expert. A copy of the Code of Penal Procedure can be found (in Portuguese) here .			unknown	not covered by DLA Piper	unknown	unknown	not covered by DLA Piper	unknown	not covered by DLA Piper
Saudi Arabia	member	No information available	No known legislation or policies.	No known legislation or policies.	No known legislation or policies.	SA	11 February 2026	COND	adequacy, appropriate safeguards or limited cases; must not compromise KSA vital interests; sector approvals	yes	NONE_FOUND	DLA mentions no storage-location rule in any section	YES	confirmed by hand from the definition text
Senegal	member	Some restrictions	Article 16 of the Law on Cryptography (Law No. 2008-41) provides that bodies exercising cryptology services must be licenced by the National Cryptology Commission. A copy of the law (in French) can be found here .	Article 12 of the Law on Cryptography (Law No. 2008-41) provides that the supply, import and export of means of cryptology ensuring exclusively the functions of authentication and integrity control are free. Article 14 provides, however, that the supply or importation of a means of cryptology which 	No known legislation or policies.	SN	19 March 2026	COND	sufficient protection; francophone DPA members presumed adequate	yes	NONE_FOUND	DLA mentions no storage-location rule in any section	YES	confirmed by hand from the definition text
Serbia	member	No information available	No known legislation or policies.	No known legislation or policies.	No known legislation or policies.	RS	13 February 2026	COND	regime liberalised under the new DP Law; first pass matched the old law and wrongly said AUTH	no	NONE_FOUND	DLA mentions no storage-location rule in any section	NOT_STATED	DLA gives no sensitive-data definition
Seychelles	member	Some restrictions	No known legislation or policies.	No known legislation or policies.	No known legislation or policies.	SC	16 March 2026	COND	adequate protection or safeguards	no	NONE_FOUND	DLA mentions no storage-location rule in any section	YES	health data
Sierra Leone	member	No information available	No known legislation or policies.	No known legislation or policies.	No known legislation or policies.			unknown	not covered by DLA Piper	unknown	unknown	not covered by DLA Piper	unknown	not covered by DLA Piper
Singapore	member	Some restrictions	No known legislation or policies.	Section 5 of the Strategic Goods (Control) Act prohibits the export of strategic goods and technologies, as set out in orders published by the government. Section 4A of the Act allows the government to, by order, prescribe military or dual-use goods and technology as strategic goods and technology f	No known legislation or policies. Section 261C of the Copyright Act explicitly prohibits the use of decryption as a means to circumvent technological measures used to preserve copyright. Section 261D provides for various exceptions, including where it is done when undertaking research on any encrypt	SG	27 February 2026	COND	consent; written agreements with intermediaries; comparable protection abroad	no	NONE_FOUND	DLA mentions no storage-location rule in any section	NOT_DEFINED	no category in law; guidance treats health as sensitive
Slovakia	member	No information available	No known legislation or policies.	No known legislation or policies.	No known legislation or policies.	SK	6 January 2025	COND	GDPR Ch V; first pass wrongly said AUTH	yes	NONE_FOUND	DLA mentions no storage-location rule in any section	YES	confirmed by hand from the definition text
Slovenia	member	No information available	No known legislation or policies.	No known legislation or policies.	No known legislation or policies.	SI	10 February 2026	COND	GDPR Ch V; first pass wrongly said AUTH	yes	HEALTH	records processed under the healthcare and mandatory health insurance laws (among others) must be kept in Slovenia	YES	via GDPR Art 9; DLA text omits the list
Solomon Islands	member	Minimal restrictions	No known legislation or policies.	No known legislation or policies.	No known legislation or policies.			unknown	not covered by DLA Piper	unknown	unknown	not covered by DLA Piper	unknown	not covered by DLA Piper
Somalia	member	No information available	No known legislation or policies.	No known legislation or policies.	No known legislation or policies.			unknown	not covered by DLA Piper	unknown	unknown	not covered by DLA Piper	unknown	not covered by DLA Piper
South Africa	member	Some restrictions	Section 29 of the Electronic Communications and Transactions Act 25 of 2002: establishes a register of all cryptography providers. Unless they are registered, a cryptography provide cannot provide cryptography products. A copy of the law can be found here .	No known legislation or policies.	No known legislation or policies.	ZA	16 February 2026	COND	POPIA s72 adequate protection, consent or listed grounds	no	NONE_FOUND	DLA mentions no storage-location rule in any section	YES	confirmed by hand from the definition text
South Sudan	member	No information available	No known legislation or policies.	No known legislation or policies.	No known legislation or policies.			unknown	not covered by DLA Piper	unknown	unknown	not covered by DLA Piper	unknown	not covered by DLA Piper
Spain	member	No information available	No known legislation or policies.	No known legislation or policies.	No known legislation or policies.	ES	6 January 2025	COND	GDPR Ch V; first pass wrongly said AUTH	yes	NONE_FOUND	DLA mentions no storage-location rule in any section	YES	confirmed by hand from the definition text
Sri Lanka	member	No information available	No known legislation or policies.	No known legislation or policies.	No known legislation or policies.	LK	17 February 2026	COND	PDPA conditions for cross-border flow	yes	NONE_FOUND	DLA mentions no storage-location rule in any section	YES	confirmed by hand from the definition text
Sudan	member	No information available	No known legislation or policies.	No known legislation or policies.	No known legislation or policies.			unknown	not covered by DLA Piper	unknown	unknown	not covered by DLA Piper	unknown	not covered by DLA Piper
Suriname	member	No information available	No known legislation or policies.	No known legislation or policies.	No known legislation or policies.			unknown	not covered by DLA Piper	unknown	unknown	not covered by DLA Piper	unknown	not covered by DLA Piper
Sweden	member	No information available	No known legislation or policies.	No known legislation or policies.	No known legislation or policies.	SE	13 February 2026	COND	GDPR Ch V; first pass wrongly said AUTH	yes	NONE_FOUND	DLA mentions no storage-location rule in any section	YES	confirmed by hand from the definition text
Switzerland	member	Some restrictions	No known legislation or policies.	No known legislation or policies.	No known legislation or policies.	CH	6 January 2025	COND	adequacy list or safeguards; remote access from abroad counts as transfer	yes	NONE_FOUND	DLA mentions no storage-location rule in any section	YES	confirmed by hand from the definition text
Syrian Arab Republic	member	Widespread restrictions	Article 51(e) of the Telecommunication Law (Law No. 18 of 2010) prohibits telecommunications network operators, service providers, their affiliates, and the users of such services, from using encryption of telecommunications service devices without the approval of the Telecommunications Regulatory A	No known legislation or policies.	No known legislation or policies.			unknown	not covered by DLA Piper	unknown	unknown	not covered by DLA Piper	unknown	not covered by DLA Piper
Tajikistan	member	No information available	No known legislation or policies.	No known legislation or policies.	No known legislation or policies.	TJ	27 January 2025	COND	free to adequate countries; otherwise consent or treaty	no	NONE_FOUND	DLA mentions no storage-location rule in any section	NOT_DEFINED	only biometric data defined
Thailand	member	Some restrictions	No known legislation or policies.	No known legislation or policies.	No known legislation or policies.	TH	14 February 2026	COND	adequacy per regulator's rules or exemptions incl. consent; first pass wrongly said LOCAL	yes	NONE_FOUND	DLA mentions no storage-location rule in any section	YES	confirmed by hand from the definition text
Timor-Leste	member	No information available	No known legislation or policies.	No known legislation or policies.	No known legislation or policies.			unknown	not covered by DLA Piper	unknown	unknown	not covered by DLA Piper	unknown	not covered by DLA Piper
Togo	member	No information available	No known legislation or policies.	No known legislation or policies.	No known legislation or policies.			unknown	not covered by DLA Piper	unknown	unknown	not covered by DLA Piper	unknown	not covered by DLA Piper
Tonga	member	Some restrictions	No known legislation or policies.	No known legislation or policies.	No known legislation or policies.	TO	15 February 2022	FREE	none	no	NONE_FOUND	DLA mentions no storage-location rule in any section	NOT_DEFINED	none
Trinidad and Tobago	member	Some restrictions	No known legislation or policies.	No known legislation or policies.	No known legislation or policies.	TT	26 January 2023	COND	comparable safeguards; Commissioner's list	no	NONE_FOUND	DLA mentions no storage-location rule in any section	YES	confirmed by hand from the definition text
Tunisia	member	Some restrictions	Article 9 of the Telecommunications Code provides that the government may, by decree, set out the conditions and procedures for the use of encryption facilities or services through public telecommunications networks and the exercise of related activities. Article 4 of Decree N° 2008-2639 dated 21 Ju	Article 9 of the Telecommunications Code provides that the government may, by decree, set out the conditions and procedures for the use of encryption facilities or services through public telecommunications networks and the exercise of related activities. Article 4 of Decree N° 2008-2639 dated 21 Ju	No known legislation or policies.	TN	12 February 2026	AUTH	prior authorisation by the National Authority plus mandatory explicit consent; prohibited if it endangers Tunisia's vital interests	yes	NONE_FOUND	DLA mentions no storage-location rule in any section	YES	confirmed by hand from the definition text
Türkiye	member	No information available	No known legislation or policies.	No known legislation or policies.	No known legislation or policies.	TR	27 January 2025	COND	adequacy decision, safeguards or explicit consent	yes	NONE_FOUND	DLA mentions no storage-location rule in any section	YES	confirmed by hand from the definition text
Turkmenistan	member	No information available	No known legislation or policies.	No known legislation or policies.	No known legislation or policies.	TM	23 December 2022	LOCAL	consent required, and personal data transferred abroad must also be stored in Turkmenistan	no	GENERAL	personal data transferred abroad must also be stored in Turkmenistan	YES	medical conditions: collection prohibited except with consent or for healthcare
Tuvalu	member	Some restrictions	No known legislation or policies.	No known legislation or policies.	No known legislation or policies.			unknown	not covered by DLA Piper	unknown	unknown	not covered by DLA Piper	unknown	not covered by DLA Piper
Uganda	member	Some restrictions	No known legislation or policies.	No known legislation or policies.	No known legislation or policies.	UG	13 February 2026	COND	adequacy or consent; onward transfer needs consent; adequacy list not yet published; first pass wrongly said LOCAL	no	NONE_FOUND	DLA mentions no storage-location rule in any section	YES	confirmed by hand from the definition text
Ukraine	member	No information available	No known legislation or policies.	No known legislation or policies.	No known legislation or policies.	UA	27 January 2025	COND	appropriate protection; EEA and Convention states	yes	NONE_FOUND	DLA mentions no storage-location rule in any section	YES	health; healthcare purposes an exemption
United Arab Emirates	member	Some restrictions	No known legislation or policies.	No known legislation or policies.	While the legal basis is unknown, the Telecommunications Regulatory Authority has banned a number of Voice over Internet Protocol providers which use encryption, including Skype and WhatsApp.	AE	27 January 2025	COND	PDPL adequacy expected; other exceptions	no	HEALTH	ICT in Health Fields Law Art 13: health information may not be stored, processed or transferred outside the UAE except as allowed by Ministerial Decision 51/2021	YES	confirmed by hand from the definition text
United Kingdom of Great Britain and Northern Ireland	member	Some restrictions	No known legislation or policies.	No known legislation or policies.	No known legislation or policies.	GB	24 February 2026	COND	UK GDPR Ch V	yes	NONE_FOUND	DLA mentions no storage-location rule in any section	YES	confirmed by hand from the definition text
United Republic of Tanzania	member	Some restrictions	No known legislation or policies.	No known legislation or policies.	No known legislation or policies.	TZ	24 March 2026	COND	adequacy or safeguards	no	NONE_FOUND	DLA mentions no storage-location rule in any section	YES	confirmed by hand from the definition text
United States of America	member	Minimal restrictions	No known legislation or policies.	The International Traffic in Arms Regulations (ITAR) and the Export Administration Regulations (EAR) both impose controls on the export of certain forms of encryption. The ITAR can be found here and the EAR can be found here.	No known legislation or policies.	US	31 March 2026	FREE	no general geographic restriction; some government records excepted; EO 14117 limits bulk sensitive data to countries of concern	no	NONE_FOUND	DLA mentions no storage-location rule in any section	YES	confirmed by hand from the definition text
Uruguay	member	No information available	No known legislation or policies.	No known legislation or policies.	No known legislation or policies.	UY	6 March 2026	COND	adequacy or consent	no	NONE_FOUND	DLA mentions no storage-location rule in any section	YES	confirmed by hand from the definition text
Uzbekistan	member	No information available	No known legislation or policies.	No known legislation or policies.	No known legislation or policies.	UZ	27 January 2025	COND	only to adequate states, list not adopted; storage localisation checked separately	no	GENERAL	Uzbek citizens' personal data stored on technical means physically in Uzbekistan (since 16 April 2021)	YES	confirmed by hand from the definition text
Vanuatu	member	Minimal restrictions	Section 24(1) of the Electronic Transactions Act allows the Minister to make regulations in relation to the use, import and export of encryption programmes and products, and to prohibit the export of encryption programmes and products. None, however, appear to have been made. A copy of the law can b	Section 24(1) of the Electronic Transactions Act allows the Minister to make regulations in relation to the use, import and export of encryption programmes and products, and to prohibit the export of encryption programmes and products. None, however, appear to have been made. A copy of the law can b	No known legislation or policies.			unknown	not covered by DLA Piper	unknown	unknown	not covered by DLA Piper	unknown	not covered by DLA Piper
Venezuela, Bolivarian Republic of	member	No information available	No known legislation or policies.	No known legislation or policies.	No known legislation or policies.	VE	12 December 2022	COND	TSJ principles against transfer to states without similar protection	no	NONE_FOUND	DLA mentions no storage-location rule in any section	YES	TSJ 1335/2011: medical record data under strictest handling
Viet Nam	member	Widespread restrictions	Article 31 of the Law on Network Information Security requires businesses trading in civil encryption products (defined as encryption products, technical equipment and cryptographic skills) to obtain a licence to do so from the Government Cipher Committee. To obtain a licence, a business must meet v	Article 34 of the Law on Network Information Security provides that the importation or exportation of cryptographic products by a company requires a licence. In order to obtain a licence, a company must hold a licence to trade in civil cryptographic products, the products must be certified as confor	Article 36 of the Law on Network Information Security requires organisations and individuals using a civil cryptographic product which is provided by a provider not licensed for trading in civil cryptographic products to declare it with the Government Cipher Committee. There are exceptions for diplo	VN	15 February 2026	AUTH	transfer impact assessment filed with the Ministry of Public Security; exemption for emergencies protecting life, health or property	yes	SECTOR_OTHER	certain online, social network and telecom services must store user data in Vietnam; Cybersecurity Law rules being updated (April 2026)	YES	confirmed by hand from the definition text
Yemen	member	No information available	No known legislation or policies.	No known legislation or policies.	No known legislation or policies.			unknown	not covered by DLA Piper	unknown	unknown	not covered by DLA Piper	unknown	not covered by DLA Piper
Zambia	member	Some restrictions	Sections 22 and 23 Electronic Communications and Transactions Act, 2009 establish a register of all cryptography providers. Unless they are registered with the Communications Authority, a person cannot provide cryptograph services or products. Provision of cryptograph services or productions without	No known legislation or policies.	Section 85 of the Electronic Communications and Transactions Act, 2009 creates a criminal offence of using encryption to obstruct or impede a law enforcement officer, or to interfere with the performance by a law enforcement officer of any functions under the Act, punishable by up to two years’ impr	ZM	28 April 2026	LOCAL	personal data processed and stored in Zambia; sensitive personal data MUST be, regardless of Minister's exemptions	no	HEALTH	sensitive personal data, which includes health, must be processed and stored in a server or data centre in Zambia	YES	physical or mental health
Zimbabwe	member	Some restrictions	No known legislation or policies.	No known legislation or policies.	No known legislation or policies.	ZW	20 March 2026	COND	adequate protection; notify the Authority	no	NONE_FOUND	DLA mentions no storage-location rule in any section	YES	health care history, health information
Holy See	observer state	No information available	No known legislation or policies.	No known legislation or policies.	No known legislation or policies.			unknown	not covered by DLA Piper	unknown	unknown	not covered by DLA Piper	unknown	not covered by DLA Piper
State of Palestine	observer state	No information available	No known legislation or policies.	No known legislation or policies.	No known legislation or policies.			unknown	not covered by DLA Piper	unknown	unknown	not covered by DLA Piper	unknown	not covered by DLA Piper
