code	transfer_final	vital_final	review_note
AL	COND	yes	adequacy or specific safeguards
DZ	AUTH	yes	national authority's authorisation plus adequacy; Art 45 derogation to preserve the data subject's life
AO	AUTH	no	prior notification to APD even for adequate countries; prior authorisation for others
AR	COND	yes	generally prior consent; exception for health-related data where transfer is necessary for public health or emergency reasons
AM	COND	yes	adequate protection or consent; special-category rules
AW	COND	no	territory; ordinance plus GDPR
AU	COND	no	reasonable steps (APP 8) or listed exceptions
AT	COND	yes	GDPR Ch V; first pass wrongly said AUTH
AZ	COND	no	prior written consent of the data subject
BS	COND	no	commissioner may prohibit transfers lacking equivalent protection; first pass wrongly said LOCAL
BH	AUTH	yes	prohibited unless to 83 listed countries; otherwise Authority's prior authorisation
BD	FREE	no	no general transfer regulation, sector rules only (banks, telcos); first pass wrongly said AUTH
BB	COND	no	adequacy, consent or listed exemptions
BY	COND	no	prohibited unless listed adequate country; exceptions exist
BE	COND	yes	GDPR Ch V; first pass wrongly said AUTH
BJ	COND	no	adequacy or contractual safeguards
BM	COND	no	designated jurisdictions or contractual means
BO	FREE	no	no specific requirements for transfers
BQ	COND	no	territory; adequacy plus GDPR
BA	COND	no	adequacy confirmed by Council of Ministers, or safeguards
BW	AUTH	yes	prohibited save to Minister-designated countries; Commissioner's prior authorisation
BR	COND	yes	consent unless adequacy, SCCs or listed cases incl. protecting life or physical safety
VG	COND	yes	territory; adequacy or listed exceptions
BN	FREE	no	not currently regulated; PDPO expected
BG	COND	yes	GDPR Ch V; first pass wrongly said AUTH
BF	AUTH	no	CNIL authorisation required, plus contract clauses
BI	FREE	no	no geographic restrictions; health code Art 16: patient decides whether medical information goes to third parties
KH	FREE	no	no restrictions except banks
CM	AUTH	no	prior authorisation of the Personal Data Protection Authority
CA	COND	no	accountability plus notice; Quebec requires a privacy assessment before transfer
CV	COND	yes	adequacy, or consent or listed situations
KY	COND	yes	territory; adequacy or exceptions
TD	COND	yes	sufficient protection outside CEMAC/CEEAC; prior notice to ANSICE
CL	COND	no	consent or other legal basis; Law 21,719 regulates international transfers
CN	AUTH	yes	CAC security assessment, certification or filed SCCs, plus separate consent; exemption for protecting life, health or property in emergencies
CO	COND	no	prohibited unless equivalent protection; express consent and other exceptions
CI	AUTH	no	ARTCI prior authorisation even for adequate countries
CR	COND	no	prior written consent
HR	COND	yes	GDPR Ch V; first pass wrongly said AUTH
CU	FREE	no	nothing established on transfer
CW	COND	no	territory; GDPR referenced
CY	COND	yes	GDPR Ch V; first pass wrongly said AUTH
CZ	COND	yes	GDPR Ch V; first pass wrongly said AUTH
CD	COND	no	cross-border allowed if destination offers equal or better protection; transmission needs explicit prior consent
DK	COND	yes	GDPR Ch V; first pass wrongly said AUTH
DO	COND	no	data owner's express authorisation or contract necessity
EC	COND	yes	adequacy or safeguards
EG	AUTH	no	adequacy plus a licence or permit from the Personal Data Protection Centre; consent exception
SV	COND	no	not specifically regulated; written authorisation of the data owner generally required
GQ	AUTH	no	private holders may disclose personal data only by court order; not cross-border specific
EE	COND	yes	GDPR Ch V; first pass wrongly said AUTH
ET	AUTH	no	adequate jurisdictions allowed; otherwise ECA authorisation plus consent
FM	FREE	no	none
FJ	FREE	no	no applicable laws
FI	COND	yes	GDPR Ch V; first pass wrongly said AUTH
FR	COND	yes	GDPR Ch V; first pass wrongly said AUTH; French health-data hosting certification not examined
GA	COND	no	prohibited unless adequate; adequacy list not yet published
GE	COND	yes	adequate safeguards or listed grounds
DE	COND	yes	GDPR Ch V; first pass wrongly said AUTH
GH	FREE	no	no transfer provisions in the Act; sale of personal data prohibited
GI	COND	yes	territory; Gibraltar GDPR
GR	COND	yes	GDPR Ch V; first pass wrongly said AUTH
GT	COND	no	not regulated; written consent required for information transfer
GG	COND	yes	territory; authorised jurisdictions
GN	AUTH	no	prior authorisation from the data protection authority
HT	FREE	no	no transfer restriction; data communicated to third parties must remain accessible and correctable
HN	COND	no	express written consent of the data subject, with exceptions
HK	FREE	no	section 33 cross-border restrictions not in force; first pass wrongly said LOCAL
HU	COND	yes	GDPR Ch V
IS	COND	yes	GDPR via EEA; first pass wrongly said AUTH
IN	COND	no	allowed to all countries except any the government blacklists; valid contract; first pass wrongly said LOCAL
ID	COND	no	equal or higher protection, safeguards, or consent
IR	COND	no	express consent plus adequate security
IE	COND	yes	GDPR Ch V; first pass wrongly said AUTH
IL	COND	no	equivalent protection or listed conditions incl. consent
IT	COND	yes	GDPR Ch V; first pass wrongly said AUTH
JP	COND	no	prior consent, opt-out, joint use or entrustment
JE	COND	yes	territory; adequacy or safeguards
JO	COND	no	consent and conditions; Art 15 bars transfer to lower-protection destinations unless exceptions; first pass wrongly said LOCAL
KZ	COND	no	protection or consent; law may prohibit in cases; storage localisation checked separately
KE	COND	yes	proof of safeguards to the DPC; sensitive-data transfer needs consent; vital-interests necessity; civil registry needs DPC approval
XK	COND	no	adequacy or safeguards; not a UN member
KW	COND	no	disclose destination countries; no transfer without consent under E-Commerce Law
KG	COND	no	allowed within and abroad; protecting data subject's interests is a ground
LA	COND	no	consent plus receiving entity's protection; financial documents encrypted
LV	COND	yes	GDPR Ch V; first pass wrongly said AUTH
LB	FREE	no	law silent on cross-border transfers
LS	COND	no	SADC-transposed states or adequate protection
LR	COND	no	no Liberian law; ECOWAS Act adequacy as secondary source
LY	COND	no	Art 78 appropriate level of protection; first pass wrongly said FREE
LT	COND	yes	GDPR Ch V; first pass wrongly said AUTH
LU	COND	yes	GDPR Ch V; first pass wrongly said AUTH
MO	COND	no	territory; adequacy or consent plus OPDP filings
MG	COND	no	sufficient level of protection
MY	COND	yes	substantially similar laws or exceptions
MT	COND	yes	GDPR Ch V; first pass wrongly said AUTH
MU	COND	yes	proof of safeguards to the Commissioner, explicit consent, or necessity
MX	COND	no	privacy notice passed to third party; consent rules
MD	COND	yes	EU and adequate third countries; NCPDP list
MC	COND	yes	equivalent protection and reciprocity; consent or to save the data subject's life
MN	COND	no	prohibited unless approved under law or permitted by the data owner
ME	AUTH	no	transfer subject to the DPA's approval
MA	AUTH	yes	prior authorisation from the National Commission plus adequacy
MZ	COND	no	no general cross-border restriction; constitution requires consent for disclosure
MM	COND	no	consent by implication of relevant laws
NA	FREE	no	no data transfer restrictions
NP	COND	no	no general transfer rule; cloud and data-centre services must be from government-listed providers
NL	COND	yes	GDPR Ch V; first pass wrongly said AUTH
NZ	COND	no	disclosure limited to purpose; safeguards
NI	COND	no	prior consent of the data owner
NE	COND	no	superior or equivalent protection
NG	COND	yes	adequacy or listed bases
MK	AUTH	no	notify DPA 15 days ahead for EU/EEA/NATO; otherwise only if DPA deems adequate
NO	COND	yes	GDPR via EEA; first pass wrongly said AUTH
PK	COND	no	no data protection law in force; PECA bars transmitting identity information without consent; first pass wrongly said AUTH
PA	COND	no	constitutional consent requirement
PY	FREE	no	only credit-data law regulates transfer; no other specific provisions
PE	COND	no	adequate protection; generally consent
PH	COND	no	PIC remains accountable; data sharing and outsourcing arrangements
PL	COND	yes	GDPR Ch V
PT	COND	yes	GDPR Ch V; first pass wrongly said AUTH
QA	COND	no	consent unless necessary for a lawful purpose
QA2	COND	yes	financial centre only; adequacy list
CG	COND	no	similar protection plus prior notice to the Commission
RO	COND	yes	GDPR Ch V; first pass wrongly said AUTH
RU	AUTH	no	prior notice to Roskomnadzor for 34 white-listed states; approval needed for others (silence counts as approval); storage localisation checked separately
RW	COND	yes	NCSA authorisation with proof of safeguards, or consent, or necessity; storage localisation checked separately
SA	COND	yes	adequacy, appropriate safeguards or limited cases; must not compromise KSA vital interests; sector approvals
SN	COND	yes	sufficient protection; francophone DPA members presumed adequate
RS	COND	no	regime liberalised under the new DP Law; first pass matched the old law and wrongly said AUTH
SC	COND	no	adequate protection or safeguards
SG	COND	no	consent; written agreements with intermediaries; comparable protection abroad
SX	COND	no	territory; GDPR referenced
SK	COND	yes	GDPR Ch V; first pass wrongly said AUTH
SI	COND	yes	GDPR Ch V; first pass wrongly said AUTH
ZA	COND	no	POPIA s72 adequate protection, consent or listed grounds
KR	COND	no	prior opt-in consent with statutory exceptions
ES	COND	yes	GDPR Ch V; first pass wrongly said AUTH
LK	COND	yes	PDPA conditions for cross-border flow
SE	COND	yes	GDPR Ch V; first pass wrongly said AUTH
CH	COND	yes	adequacy list or safeguards; remote access from abroad counts as transfer
TW	COND	no	notice; authorities may restrict in listed circumstances
TJ	COND	no	free to adequate countries; otherwise consent or treaty
TZ	COND	no	adequacy or safeguards
TH	COND	yes	adequacy per regulator's rules or exemptions incl. consent; first pass wrongly said LOCAL
TO	FREE	no	none
TT	COND	no	comparable safeguards; Commissioner's list
TN	AUTH	yes	prior authorisation by the National Authority plus mandatory explicit consent; prohibited if it endangers Tunisia's vital interests
TR	COND	yes	adequacy decision, safeguards or explicit consent
TM	LOCAL	no	consent required, and personal data transferred abroad must also be stored in Turkmenistan
AE4	COND	yes	ADGM free zone only; adequacy or safeguards
AE2	COND	yes	DIFC free zone only; adequacy or Art 27
AE3	COND	yes	Dubai Health Care City free zone: patient health information abroad only with adequacy AND patient authorisation or necessity for ongoing healthcare
AE	COND	no	PDPL adequacy expected; other exceptions
UG	COND	no	adequacy or consent; onward transfer needs consent; adequacy list not yet published; first pass wrongly said LOCAL
UA	COND	yes	appropriate protection; EEA and Convention states
GB	COND	yes	UK GDPR Ch V
US	FREE	no	no general geographic restriction; some government records excepted; EO 14117 limits bulk sensitive data to countries of concern
UY	COND	no	adequacy or consent
UZ	COND	no	only to adequate states, list not adopted; storage localisation checked separately
VE	COND	no	TSJ principles against transfer to states without similar protection
VN	AUTH	yes	transfer impact assessment filed with the Ministry of Public Security; exemption for emergencies protecting life, health or property
ZM	LOCAL	no	personal data processed and stored in Zambia; sensitive personal data MUST be, regardless of Minister's exemptions
ZW	COND	no	adequate protection; notify the Authority
