code	health_sensitive_final	note
AL	YES	confirmed by hand from the definition text
DZ	YES	confirmed by hand from the definition text
AO	YES	confirmed by hand from the definition text
AR	YES	confirmed by hand from the definition text
AM	YES	confirmed by hand from the definition text
AW	YES	"""personal data of a medical ... nature"""
AU	YES	confirmed by hand from the definition text
AT	YES	confirmed by hand from the definition text
AZ	YES	confirmed by hand from the definition text
BS	YES	confirmed by hand from the definition text
BH	YES	health in sensitive definition
BD	NOT_DEFINED	CA 2023 has no sensitive category
BB	NOT_STATED	DLA quotes the sensitive list and it does not include health
BY	YES	confirmed by hand from the definition text
BE	YES	confirmed by hand from the definition text
BJ	YES	confirmed by hand from the definition text
BM	YES	confirmed by hand from the definition text
BO	NOT_STATED	DLA gives only a general definition
BQ	YES	confirmed by hand from the definition text
BA	YES	confirmed by hand from the definition text
BW	YES	confirmed by hand from the definition text
BR	YES	confirmed by hand from the definition text
VG	YES	confirmed by hand from the definition text
BN	NOT_DEFINED	no legal definition
BG	YES	confirmed by hand from the definition text
BF	YES	confirmed by hand from the definition text
BI	NOT_DEFINED	not defined
KH	NOT_DEFINED	personal data itself not defined
CM	YES	confirmed by hand from the definition text
CA	PARTIAL	only Quebec defines sensitive information (biometric or medical)
CV	YES	confirmed by hand from the definition text
KY	YES	confirmed by hand from the definition text
TD	YES	confirmed by hand from the definition text
CL	YES	confirmed by hand from the definition text
CN	YES	confirmed by hand from the definition text
CO	YES	confirmed by hand from the definition text
CI	YES	confirmed by hand from the definition text
CR	YES	biomedical information
HR	YES	confirmed by hand from the definition text
CU	NOT_DEFINED	no express definition
CW	YES	confirmed by hand from the definition text
CY	YES	confirmed by hand from the definition text
CZ	YES	confirmed by hand from the definition text
CD	YES	confirmed by hand from the definition text
DK	YES	confirmed by hand from the definition text
DO	YES	confirmed by hand from the definition text
EC	YES	confirmed by hand from the definition text
EG	YES	confirmed by hand from the definition text
SV	YES	physical and mental health
GQ	YES	processing health data without consent is a major infringement
EE	YES	confirmed by hand from the definition text
ET	YES	confirmed by hand from the definition text
FM	NOT_DEFINED	none
FJ	NOT_DEFINED	no law; constitutional privacy right only
FI	YES	confirmed by hand from the definition text
FR	YES	confirmed by hand from the definition text
GA	YES	confirmed by hand from the definition text
GE	YES	confirmed by hand from the definition text
DE	YES	confirmed by hand from the definition text
GH	YES	confirmed by hand from the definition text
GI	YES	confirmed by hand from the definition text
GR	YES	confirmed by hand from the definition text
GT	YES	confirmed by hand from the definition text
GG	YES	weak: match is inside the genetic-data definition
GN	YES	confirmed by hand from the definition text
HT	NOT_DEFINED	any data whose release would infringe rights
HN	YES	confirmed by hand from the definition text
HK	NOT_DEFINED	no separate concept; guidance only
HU	YES	confirmed by hand from the definition text
IS	YES	confirmed by hand from the definition text
IN	NOT_DEFINED	DPDP Act has no sensitive category
ID	YES	confirmed by hand from the definition text
IR	YES	confirmed by hand from the definition text
IE	YES	confirmed by hand from the definition text
IL	YES	confirmed by hand from the definition text
IT	YES	confirmed by hand from the definition text
JP	YES	medical history
JE	YES	confirmed by hand from the definition text
JO	YES	confirmed by hand from the definition text
KZ	NOT_DEFINED	no definition; medical secrecy under sector law
KE	YES	confirmed by hand from the definition text
XK	YES	confirmed by hand from the definition text
KW	NOT_DEFINED	health status is personal data; no sensitive category
KG	NOT_DEFINED	all personal data confidential; health listed as personal data
LA	YES	history of medical treatment listed as important information
LV	YES	confirmed by hand from the definition text
LB	YES	health data processing under a Minister of Public Health decision
LS	YES	confirmed by hand from the definition text
LR	NOT_DEFINED	no Liberian law defines it
LY	NOT_DEFINED	medical records listed as personal data, not a sensitive category
LT	YES	confirmed by hand from the definition text
LU	YES	confirmed by hand from the definition text
MO	YES	confirmed by hand from the definition text
MG	YES	confirmed by hand from the definition text
MY	YES	confirmed by hand from the definition text
MT	YES	confirmed by hand from the definition text
MU	YES	confirmed by hand from the definition text
MX	YES	past or present health conditions
MD	YES	confirmed by hand from the definition text
MC	YES	confirmed by hand from the definition text
MN	YES	health in Art 4.1.12
ME	YES	confirmed by hand from the definition text
MA	YES	confirmed by hand from the definition text
MZ	YES	confirmed by hand from the definition text
MM	NOT_DEFINED	no definition
NA	NOT_DEFINED	not defined
NP	YES	confirmed by hand from the definition text
NL	YES	confirmed by hand from the definition text
NZ	YES	confirmed by hand from the definition text
NI	YES	confirmed by hand from the definition text
NE	YES	confirmed by hand from the definition text
NG	YES	confirmed by hand from the definition text
MK	YES	confirmed by hand from the definition text
NO	YES	confirmed by hand from the definition text
PK	YES	confirmed by hand from the definition text
PA	YES	confirmed by hand from the definition text
PY	YES	confirmed by hand from the definition text
PE	YES	confirmed by hand from the definition text
PH	YES	confirmed by hand from the definition text
PL	YES	confirmed by hand from the definition text
PT	YES	confirmed by hand from the definition text
QA	YES	confirmed by hand from the definition text
QA2	YES	confirmed by hand from the definition text
CG	YES	confirmed by hand from the definition text
RO	YES	confirmed by hand from the definition text
RU	YES	confirmed by hand from the definition text
RW	YES	confirmed by hand from the definition text
SA	YES	confirmed by hand from the definition text
SN	YES	confirmed by hand from the definition text
RS	NOT_STATED	DLA gives no sensitive-data definition
SC	YES	health data
SG	NOT_DEFINED	no category in law; guidance treats health as sensitive
SX	YES	confirmed by hand from the definition text
SK	YES	confirmed by hand from the definition text
SI	YES	via GDPR Art 9; DLA text omits the list
ZA	YES	confirmed by hand from the definition text
KR	YES	health or medical treatment information
ES	YES	confirmed by hand from the definition text
LK	YES	confirmed by hand from the definition text
SE	YES	confirmed by hand from the definition text
CH	YES	confirmed by hand from the definition text
TW	YES	confirmed by hand from the definition text
TJ	NOT_DEFINED	only biometric data defined
TZ	YES	confirmed by hand from the definition text
TH	YES	confirmed by hand from the definition text
TO	NOT_DEFINED	none
TT	YES	confirmed by hand from the definition text
TN	YES	confirmed by hand from the definition text
TR	YES	confirmed by hand from the definition text
TM	YES	medical conditions: collection prohibited except with consent or for healthcare
AE4	YES	confirmed by hand from the definition text
AE2	YES	confirmed by hand from the definition text
AE3	YES	Patient Health Information regime
AE	YES	confirmed by hand from the definition text
UG	YES	confirmed by hand from the definition text
UA	YES	health; healthcare purposes an exemption
GB	YES	confirmed by hand from the definition text
US	YES	confirmed by hand from the definition text
UY	YES	confirmed by hand from the definition text
UZ	YES	confirmed by hand from the definition text
VE	YES	TSJ 1335/2011: medical record data under strictest handling
VN	YES	confirmed by hand from the definition text
ZM	YES	physical or mental health
ZW	YES	health care history, health information
