0	canary-2984b2e8a7f0-0
1	canary-2984b2e8a7f0-1
2	canary-2984b2e8a7f0-2
3	canary-2984b2e8a7f0-3
4	canary-2984b2e8a7f0-4
5	canary-2984b2e8a7f0-5
6	canary-2984b2e8a7f0-6
7	canary-2984b2e8a7f0-7
8	canary-2984b2e8a7f0-8
9	canary-2984b2e8a7f0-9
10	canary-2984b2e8a7f0-10
11	canary-2984b2e8a7f0-11
12	canary-2984b2e8a7f0-12
13	canary-2984b2e8a7f0-13
14	canary-2984b2e8a7f0-14
15	canary-2984b2e8a7f0-15
16	canary-2984b2e8a7f0-16
17	canary-2984b2e8a7f0-17
18	canary-2984b2e8a7f0-18
19	canary-2984b2e8a7f0-19
